,,,,,,,,,,,,,,,,,,,,,,,,,,,,
1,Index,Type,Id,Name,Explain,SortId,Price,Rare,Attack,Defense,Critical,Attribute,AttributeValue,SubAttribute,SubAttributeValue,SlotLevel,SkillAndLevel,MainShell,ShellLv,ShellNum,RapidShellNum,IsRappid,CustomizePattern,Wp13SpecialAmmo,DispSilencer,DispBarrel,ModelId,CustomModelId
2,0,LIGHT_BOWGUN,LightBowgun_000,Hope Rifle I,A light bowgun made specificallyfor the expedition. Its rapid-firemechanism rains bullets on prey.,0,200,1,90,0,0,NONE,0,NONE,0,"[0, 0, 0]",[],MST_000,"['SL_001', 'SL_000', 'SL_000', 'NONE', 'NONE', 'NONE', 'NONE', 'NONE', 'NONE', 'SL_000', 'NONE', 'NONE', 'SL_000', 'NONE', 'NONE', 'SL_000', 'NONE', 'SL_000', 'NONE', 'SL_000']","[4, 4, 3, 0, 0, 0, 0, 0, 0, 5, 0, 0, 2, 0, 0, 1, 0, 1, 0, 4]","[1, 0, 1, 0, 0, 0, 0, 0, 0, 0, 0, 0, 0, 0, 0, 0, 0, 0, 0, 0]","[True, False, True, False, False, False, False, False, False, False, False, False, False, False, False, False, False, False, False, False]","['CP_000', 'CP_004']",SET_BOMB,FALSE,FALSE,1,0
3,1,LIGHT_BOWGUN,LightBowgun_001,Hope Rifle II,A light bowgun made specificallyfor the expedition. Its rapid-firemechanism rains bullets on prey.,1,500,1,100,0,0,NONE,0,NONE,0,"[0, 0, 0]",['Ballistics: 1'],MST_000,"['SL_001', 'SL_000', 'SL_000', 'NONE', 'NONE', 'NONE', 'NONE', 'NONE', 'NONE', 'SL_000', 'NONE', 'NONE', 'SL_000', 'NONE', 'NONE', 'SL_000', 'NONE', 'SL_000', 'NONE', 'SL_000']","[4, 4, 3, 0, 0, 0, 0, 0, 0, 5, 0, 0, 2, 0, 0, 1, 0, 1, 0, 4]","[1, 0, 1, 0, 0, 0, 0, 0, 0, 0, 0, 0, 0, 0, 0, 0, 0, 0, 0, 0]","[True, False, True, False, False, False, False, False, False, False, False, False, False, False, False, False, False, False, False, False]","['CP_000', 'CP_004']",SET_BOMB,FALSE,FALSE,1,0
4,2,LIGHT_BOWGUN,LightBowgun_002,Hope Rifle III,A light bowgun made specificallyfor the expedition. Its rapid-firemechanism rains bullets on prey.,2,1500,3,130,0,0,NONE,0,NONE,0,"[0, 0, 0]","['Ballistics: 1', 'Critical Eye: 1']",MST_000,"['SL_001', 'SL_000', 'SL_000', 'NONE', 'NONE', 'NONE', 'NONE', 'NONE', 'NONE', 'SL_000', 'NONE', 'NONE', 'SL_000', 'NONE', 'NONE', 'SL_000', 'NONE', 'SL_000', 'NONE', 'SL_000']","[4, 4, 3, 0, 0, 0, 0, 0, 0, 5, 0, 0, 2, 0, 0, 1, 0, 1, 0, 4]","[1, 0, 1, 0, 0, 0, 0, 0, 0, 0, 0, 0, 0, 0, 0, 0, 0, 0, 0, 0]","[True, False, True, False, False, False, False, False, False, False, False, False, False, False, False, False, False, False, False, False]","['CP_000', 'CP_004']",SET_BOMB,FALSE,FALSE,1,0
5,3,LIGHT_BOWGUN,LightBowgun_003,Hope Rifle IV,A light bowgun made specificallyfor the expedition. Its rapid firemechanism rains bullets on prey.,3,4000,5,160,0,0,NONE,0,NONE,0,"[2, 1, 0]","['Ballistics: 2', 'Critical Eye: 1']",MST_000,"['SL_001', 'SL_000', 'SL_000', 'NONE', 'NONE', 'NONE', 'NONE', 'NONE', 'NONE', 'SL_000', 'NONE', 'NONE', 'SL_000', 'NONE', 'NONE', 'SL_000', 'NONE', 'SL_000', 'NONE', 'SL_000']","[4, 4, 3, 0, 0, 0, 0, 0, 0, 5, 0, 0, 3, 0, 0, 1, 0, 1, 0, 4]","[1, 0, 1, 0, 0, 0, 0, 0, 0, 0, 0, 0, 0, 0, 0, 0, 0, 0, 0, 0]","[True, False, True, False, False, False, False, False, False, False, False, False, False, False, False, False, False, False, False, False]","['CP_000', 'CP_004']",SET_BOMB,FALSE,FALSE,1,0
6,4,LIGHT_BOWGUN,LightBowgun_004,Hope Rifle V,A light bowgun made specificallyfor the expedition. Its rapid firemechanism rains bullets on prey.,4,14000,7,190,0,0,NONE,0,NONE,0,"[3, 2, 0]","['Ballistics: 3', 'Critical Eye: 1']",MST_000,"['SL_001', 'SL_000', 'SL_000', 'NONE', 'NONE', 'NONE', 'NONE', 'NONE', 'NONE', 'SL_000', 'NONE', 'NONE', 'SL_000', 'NONE', 'NONE', 'SL_000', 'NONE', 'SL_000', 'NONE', 'SL_000']","[4, 4, 3, 0, 0, 0, 0, 0, 0, 5, 0, 0, 3, 0, 0, 1, 0, 1, 0, 4]","[1, 0, 1, 0, 0, 0, 0, 0, 0, 0, 0, 0, 0, 0, 0, 0, 0, 0, 0, 0]","[True, False, True, False, False, False, False, False, False, False, False, False, False, False, False, False, False, False, False, False]","['CP_000', 'CP_004']",SET_BOMB,FALSE,FALSE,1,0
7,48,LIGHT_BOWGUN,LightBowgun_008,Kut-Ku Anger I,A light bowgun fashioned toresemble the Yian Kut-Ku'shead and spew just as muchrage from its maw.,50,4000,5,180,0,0,NONE,0,NONE,0,"[2, 1, 0]",['Ballistics: 2'],MST_000,"['SL_001', 'SL_000', 'SL_000', 'NONE', 'NONE', 'NONE', 'NONE', 'SL_001', 'NONE', 'NONE', 'NONE', 'NONE', 'SL_000', 'SL_000', 'NONE', 'SL_000', 'NONE', 'NONE', 'NONE', 'SL_000']","[4, 4, 4, 0, 0, 0, 0, 4, 0, 0, 0, 0, 3, 3, 0, 2, 0, 0, 0, 4]","[1, 0, 0, 0, 0, 0, 0, 1, 0, 0, 0, 0, 0, 0, 0, 0, 0, 0, 0, 0]","[True, False, False, False, False, False, False, True, False, False, False, False, False, False, False, False, False, False, False, False]","['CP_001', 'CP_007']",CHATCH,FALSE,FALSE,13,0
8,49,LIGHT_BOWGUN,LightBowgun_009,Kut-Ku Anger II,A light bowgun fashioned toresemble the Yian Kut-Ku'shead and spew just as muchrage from its maw.,51,14000,7,210,0,0,NONE,0,NONE,0,"[3, 2, 0]",['Ballistics: 3'],MST_000,"['SL_001', 'SL_000', 'SL_000', 'NONE', 'NONE', 'NONE', 'NONE', 'SL_001', 'NONE', 'NONE', 'NONE', 'NONE', 'SL_000', 'SL_000', 'NONE', 'SL_000', 'NONE', 'NONE', 'NONE', 'SL_000']","[4, 4, 4, 0, 0, 0, 0, 4, 0, 0, 0, 0, 3, 3, 0, 2, 0, 0, 0, 4]","[1, 0, 0, 0, 0, 0, 0, 1, 0, 0, 0, 0, 0, 0, 0, 0, 0, 0, 0, 0]","[True, False, False, False, False, False, False, True, False, False, False, False, False, False, False, False, False, False, False, False]","['CP_001', 'CP_007']",CHATCH,FALSE,FALSE,13,0
9,50,LIGHT_BOWGUN,LightBowgun_010,Kut-Ku Counterattack,"The Kut-Ku Anger's upgradedform. It can hold its ownagainst even a wyvern.Take that, doubters!",52,20000,8,220,0,0,NONE,0,NONE,0,"[3, 2, 1]",['Ballistics: 3'],MST_000,"['SL_001', 'SL_000', 'SL_000', 'NONE', 'NONE', 'NONE', 'NONE', 'SL_001', 'NONE', 'NONE', 'NONE', 'NONE', 'SL_000', 'SL_000', 'NONE', 'SL_000', 'NONE', 'NONE', 'NONE', 'SL_000']","[4, 4, 4, 0, 0, 0, 0, 4, 0, 0, 0, 0, 3, 3, 0, 2, 0, 0, 0, 4]","[1, 0, 0, 0, 0, 0, 0, 1, 0, 0, 0, 0, 0, 0, 0, 0, 0, 0, 0, 0]","[True, False, False, False, False, False, False, True, False, False, False, False, False, False, False, False, False, False, False, False]","['CP_001', 'CP_007']",CHATCH,FALSE,TRUE,13,0
10,62,LIGHT_BOWGUN,LightBowgun_013,Fäulnisschleuder I,A light bowgun that contains theGore Magala's terrifying wails. Itfires round after hateful round.,60,14000,7,180,0,20,NONE,0,NONE,0,"[3, 2, 0]",['Critical Element: 3'],MST_000,"['SL_002', 'SL_000', 'SL_000', 'NONE', 'NONE', 'NONE', 'NONE', 'NONE', 'NONE', 'NONE', 'SL_000', 'SL_000', 'NONE', 'NONE', 'NONE', 'NONE', 'NONE', 'NONE', 'NONE', 'SL_000']","[3, 5, 4, 0, 0, 0, 0, 0, 0, 0, 5, 2, 0, 0, 0, 0, 0, 0, 0, 4]","[1, 0, 0, 0, 0, 0, 0, 0, 0, 0, 1, 0, 0, 0, 0, 0, 0, 0, 0, 0]","[True, False, False, False, False, False, False, False, False, False, True, False, False, False, False, False, False, False, False, False]","['CP_001', 'CP_008']",SET_BOMB,FALSE,FALSE,8,0
11,63,LIGHT_BOWGUN,LightBowgun_014,Wahnschleuder,An upgraded Fäulnisschleuder.Each round is a cluster ofmadness that rends prey withdemonic force.,61,20000,8,200,0,20,NONE,0,NONE,0,"[3, 2, 1]",['Critical Element: 3'],MST_000,"['SL_002', 'SL_000', 'SL_000', 'NONE', 'NONE', 'NONE', 'NONE', 'NONE', 'NONE', 'NONE', 'SL_000', 'SL_000', 'NONE', 'NONE', 'NONE', 'NONE', 'NONE', 'NONE', 'NONE', 'SL_000']","[3, 5, 4, 0, 0, 0, 0, 0, 0, 0, 5, 2, 0, 0, 0, 0, 0, 0, 0, 4]","[1, 0, 0, 0, 0, 0, 0, 0, 0, 0, 1, 0, 0, 0, 0, 0, 0, 0, 0, 0]","[True, False, False, False, False, False, False, False, False, False, True, False, False, False, False, False, False, False, False, False]","['CP_001', 'CP_008']",SET_BOMB,FALSE,TRUE,8,0
12,22,LIGHT_BOWGUN,LightBowgun_018,Rey Szelatya I,A light bowgun imbued withRey Dau's thunder. Its morphingmechanism changes shapeto optimize firing.,25,2000,3,140,0,0,NONE,0,NONE,0,"[0, 0, 0]","['Opening Shot: 1', 'Slugger: 1']",MST_001,"['SL_000', 'SL_002', 'SL_000', 'SL_000', 'NONE', 'NONE', 'NONE', 'NONE', 'NONE', 'SL_001', 'NONE', 'NONE', 'NONE', 'SL_001', 'NONE', 'NONE', 'NONE', 'NONE', 'NONE', 'SL_000']","[5, 3, 4, 1, 0, 0, 0, 0, 0, 4, 0, 0, 0, 3, 0, 0, 0, 0, 0, 4]","[0, 1, 0, 0, 0, 0, 0, 0, 0, 1, 0, 0, 0, 0, 0, 0, 0, 0, 0, 0]","[False, True, False, False, False, False, False, False, False, True, False, False, False, False, False, False, False, False, False, False]","['CP_001', 'CP_008']",CHATCH,FALSE,FALSE,5,0
13,23,LIGHT_BOWGUN,LightBowgun_019,Rey Szelatya II,A light bowgun imbued withRey Dau's thunder. Its morphingmechanism changes shapeto optimize firing.,26,4000,5,170,0,0,NONE,0,NONE,0,"[2, 1, 0]","['Opening Shot: 1', 'Slugger: 1']",MST_001,"['SL_000', 'SL_002', 'SL_000', 'SL_000', 'NONE', 'NONE', 'NONE', 'NONE', 'NONE', 'SL_001', 'NONE', 'NONE', 'NONE', 'SL_001', 'NONE', 'NONE', 'NONE', 'NONE', 'NONE', 'SL_000']","[5, 3, 4, 1, 0, 0, 0, 0, 0, 4, 0, 0, 0, 3, 0, 0, 0, 0, 0, 4]","[0, 1, 0, 0, 0, 0, 0, 0, 0, 1, 0, 0, 0, 0, 0, 0, 0, 0, 0, 0]","[False, True, False, False, False, False, False, False, False, True, False, False, False, False, False, False, False, False, False, False]","['CP_001', 'CP_008']",CHATCH,FALSE,FALSE,5,0
14,24,LIGHT_BOWGUN,LightBowgun_020,Rey Szelatya III,A light bowgun imbued withRey Dau's thunder. Its morphingmechanism changes shapeto optimize firing.,27,14000,7,200,0,0,NONE,0,NONE,0,"[3, 2, 0]","['Opening Shot: 2', 'Slugger: 1']",MST_001,"['SL_000', 'SL_002', 'SL_000', 'SL_000', 'NONE', 'NONE', 'NONE', 'NONE', 'NONE', 'SL_001', 'NONE', 'NONE', 'NONE', 'SL_001', 'NONE', 'NONE', 'NONE', 'NONE', 'NONE', 'SL_000']","[5, 3, 4, 1, 0, 0, 0, 0, 0, 4, 0, 0, 0, 3, 0, 0, 0, 0, 0, 4]","[0, 1, 0, 0, 0, 0, 0, 0, 0, 1, 0, 0, 0, 0, 0, 0, 0, 0, 0, 0]","[False, True, False, False, False, False, False, False, False, True, False, False, False, False, False, False, False, False, False, False]","['CP_001', 'CP_008']",CHATCH,FALSE,FALSE,5,0
15,25,LIGHT_BOWGUN,LightBowgun_021,Szelatya Clairgun,An upgraded Rey Szelatya. May itsscintillating bolts scorch the skyand rip the very earth apart.,28,20000,8,220,0,0,NONE,0,NONE,0,"[3, 2, 1]","['Opening Shot: 2', 'Slugger: 1']",MST_001,"['SL_000', 'SL_002', 'SL_000', 'SL_000', 'NONE', 'NONE', 'NONE', 'NONE', 'NONE', 'SL_001', 'NONE', 'NONE', 'NONE', 'SL_001', 'NONE', 'NONE', 'NONE', 'NONE', 'NONE', 'SL_000']","[5, 3, 4, 1, 0, 0, 0, 0, 0, 4, 0, 0, 0, 3, 0, 0, 0, 0, 0, 4]","[0, 1, 0, 0, 0, 0, 0, 0, 0, 1, 0, 0, 0, 0, 0, 0, 0, 0, 0, 0]","[False, True, False, False, False, False, False, False, False, True, False, False, False, False, False, False, False, False, False, False]","['CP_001', 'CP_008']",CHATCH,FALSE,TRUE,5,0
16,18,LIGHT_BOWGUN,LightBowgun_031,Dosha Faithbreaker I,"A Doshaguma light bowgun.Light on the trigger, it pumpsprojectiles into quarry withastonishing ease.",9,800,2,140,20,-5,NONE,0,NONE,0,"[0, 0, 0]",['Opening Shot: 1'],MST_000,"['SL_001', 'SL_000', 'SL_000', 'SL_000', 'NONE', 'NONE', 'NONE', 'NONE', 'SL_000', 'NONE', 'NONE', 'NONE', 'NONE', 'NONE', 'NONE', 'NONE', 'NONE', 'NONE', 'NONE', 'SL_000']","[2, 4, 5, 1, 0, 0, 0, 0, 6, 0, 0, 0, 0, 0, 0, 0, 0, 0, 0, 4]","[1, 1, 0, 0, 0, 0, 0, 0, 0, 0, 0, 0, 0, 0, 0, 0, 0, 0, 0, 0]","[True, True, False, False, False, False, False, False, False, False, False, False, False, False, False, False, False, False, False, False]","['CP_000', 'CP_006']",SET_BOMB,FALSE,FALSE,3,0
17,19,LIGHT_BOWGUN,LightBowgun_032,Dosha Faithbreaker II,"A Doshaguma light bowgun.Light on the trigger, it pumpsprojectiles into quarry withastonishing ease.",10,2600,4,180,20,-5,NONE,0,NONE,0,"[1, 0, 0]",['Opening Shot: 2'],MST_000,"['SL_001', 'SL_000', 'SL_000', 'SL_000', 'NONE', 'NONE', 'NONE', 'NONE', 'SL_000', 'NONE', 'NONE', 'NONE', 'NONE', 'NONE', 'NONE', 'NONE', 'NONE', 'NONE', 'NONE', 'SL_000']","[2, 4, 5, 1, 0, 0, 0, 0, 6, 0, 0, 0, 0, 0, 0, 0, 0, 0, 0, 4]","[1, 1, 0, 0, 0, 0, 0, 0, 0, 0, 0, 0, 0, 0, 0, 0, 0, 0, 0, 0]","[True, True, False, False, False, False, False, False, False, False, False, False, False, False, False, False, False, False, False, False]","['CP_000', 'CP_006']",SET_BOMB,FALSE,FALSE,3,0
18,20,LIGHT_BOWGUN,LightBowgun_033,Dosha Faithbreaker III,"A Doshaguma light bowgun.Light on the trigger, it pumpsprojectiles into quarry withastonishing ease.",11,10000,6,210,20,-5,NONE,0,NONE,0,"[2, 1, 0]",['Opening Shot: 3'],MST_000,"['SL_002', 'SL_000', 'SL_000', 'SL_000', 'NONE', 'NONE', 'NONE', 'NONE', 'SL_000', 'NONE', 'NONE', 'NONE', 'NONE', 'NONE', 'NONE', 'NONE', 'NONE', 'NONE', 'NONE', 'SL_000']","[2, 4, 5, 1, 0, 0, 0, 0, 6, 0, 0, 0, 0, 0, 0, 0, 0, 0, 0, 4]","[1, 1, 0, 0, 0, 0, 0, 0, 0, 0, 0, 0, 0, 0, 0, 0, 0, 0, 0, 0]","[True, True, False, False, False, False, False, False, False, False, False, False, False, False, False, False, False, False, False, False]","['CP_000', 'CP_006']",SET_BOMB,FALSE,FALSE,3,0
19,36,LIGHT_BOWGUN,LightBowgun_039,Dosha Gigasbreaker I,"A Guardian Doshaguma lightbowgun. To its defiers it showsno mercy, gruesomely returningthem to nature.",18,2600,4,190,0,-15,NONE,0,NONE,0,"[1, 1, 0]",['Slugger: 2'],MST_002,"['SL_000', 'SL_000', 'SL_001', 'SL_000', 'NONE', 'NONE', 'NONE', 'NONE', 'SL_000', 'NONE', 'NONE', 'NONE', 'NONE', 'NONE', 'NONE', 'NONE', 'NONE', 'NONE', 'SL_000', 'SL_000']","[5, 4, 2, 2, 0, 0, 0, 0, 4, 0, 0, 0, 0, 0, 0, 0, 0, 0, 5, 4]","[0, 0, 1, 0, 0, 0, 0, 0, 1, 0, 0, 0, 0, 0, 0, 0, 0, 0, 0, 0]","[False, False, True, False, False, False, False, False, True, False, False, False, False, False, False, False, False, False, False, False]","['CP_001', 'CP_006']",CHATCH,FALSE,FALSE,100002,0
20,37,LIGHT_BOWGUN,LightBowgun_040,Dosha Gigasbreaker II,"A Guardian Doshaguma lightbowgun. To its defiers it showsno mercy, gruesomely returningthem to nature.",19,10000,6,220,0,-15,NONE,0,NONE,0,"[2, 2, 0]",['Slugger: 3'],MST_002,"['SL_000', 'SL_000', 'SL_002', 'SL_000', 'NONE', 'NONE', 'NONE', 'NONE', 'SL_000', 'NONE', 'NONE', 'NONE', 'NONE', 'NONE', 'NONE', 'NONE', 'NONE', 'NONE', 'SL_000', 'SL_000']","[5, 4, 2, 2, 0, 0, 0, 0, 4, 0, 0, 0, 0, 0, 0, 0, 0, 0, 5, 4]","[0, 0, 1, 0, 0, 0, 0, 0, 1, 0, 0, 0, 0, 0, 0, 0, 0, 0, 0, 0]","[False, False, True, False, False, False, False, False, True, False, False, False, False, False, False, False, False, False, False, False]","['CP_001', 'CP_006']",CHATCH,FALSE,FALSE,100002,0
21,38,LIGHT_BOWGUN,LightBowgun_041,Gigasbreaker Urbolkule,An upgraded Dosha Gigasbreaker.Its destructive impulses transformwielders into violence incarnate.,20,20000,8,250,0,-15,NONE,0,NONE,0,"[3, 3, 1]",['Slugger: 3'],MST_002,"['SL_000', 'SL_000', 'SL_002', 'SL_000', 'NONE', 'NONE', 'NONE', 'NONE', 'SL_000', 'NONE', 'NONE', 'NONE', 'NONE', 'NONE', 'NONE', 'NONE', 'NONE', 'NONE', 'SL_000', 'SL_000']","[5, 4, 2, 2, 0, 0, 0, 0, 4, 0, 0, 0, 0, 0, 0, 0, 0, 0, 5, 4]","[0, 0, 1, 0, 0, 0, 0, 0, 1, 0, 0, 0, 0, 0, 0, 0, 0, 0, 0, 0]","[False, False, True, False, False, False, False, False, True, False, False, False, False, False, False, False, False, False, False, False]","['CP_001', 'CP_006']",CHATCH,FALSE,TRUE,100002,0
22,11,LIGHT_BOWGUN,LightBowgun_047,Chain Blitz I,"A light bowgun with a simple, butreliable, iron construction that isissued to new hunters on the field.",21,800,2,120,0,0,NONE,0,NONE,0,"[0, 0, 0]",['Tetrad Shot: 1'],MST_001,"['SL_000', 'SL_001', 'SL_000', 'NONE', 'NONE', 'NONE', 'NONE', 'NONE', 'NONE', 'NONE', 'SL_000', 'NONE', 'NONE', 'SL_000', 'NONE', 'NONE', 'SL_000', 'NONE', 'NONE', 'SL_000']","[4, 4, 3, 0, 0, 0, 0, 0, 0, 0, 5, 0, 0, 2, 0, 0, 1, 0, 0, 4]","[1, 1, 0, 0, 0, 0, 0, 0, 0, 0, 0, 0, 0, 0, 0, 0, 0, 0, 0, 0]","[True, True, False, False, False, False, False, False, False, False, False, False, False, False, False, False, False, False, False, False]","['CP_031', 'CP_035']",SET_BOMB,FALSE,FALSE,10000,0
23,12,LIGHT_BOWGUN,LightBowgun_048,Chain Blitz II,"A light bowgun with a simple, butreliable, iron construction that isissued to new hunters on the field.",22,2600,4,160,0,0,NONE,0,NONE,0,"[1, 0, 0]",['Tetrad Shot: 2'],MST_001,"['SL_000', 'SL_001', 'SL_000', 'NONE', 'NONE', 'NONE', 'NONE', 'NONE', 'NONE', 'NONE', 'SL_000', 'NONE', 'NONE', 'SL_000', 'NONE', 'NONE', 'SL_000', 'NONE', 'NONE', 'SL_000']","[4, 4, 3, 0, 0, 0, 0, 0, 0, 0, 5, 0, 0, 2, 0, 0, 1, 0, 0, 4]","[1, 1, 0, 0, 0, 0, 0, 0, 0, 0, 0, 0, 0, 0, 0, 0, 0, 0, 0, 0]","[True, True, False, False, False, False, False, False, False, False, False, False, False, False, False, False, False, False, False, False]","['CP_031', 'CP_035']",SET_BOMB,FALSE,FALSE,10000,0
24,13,LIGHT_BOWGUN,LightBowgun_049,Chain Blitz III,"A light bowgun with a simple, butreliable, iron construction that isissued to new hunters on the field.",23,10000,6,190,0,0,NONE,0,NONE,0,"[2, 1, 0]",['Tetrad Shot: 2'],MST_001,"['SL_000', 'SL_001', 'SL_000', 'NONE', 'NONE', 'NONE', 'NONE', 'NONE', 'NONE', 'NONE', 'SL_000', 'NONE', 'NONE', 'SL_000', 'NONE', 'NONE', 'SL_000', 'NONE', 'NONE', 'SL_000']","[4, 4, 3, 0, 0, 0, 0, 0, 0, 0, 5, 0, 0, 2, 0, 0, 1, 0, 0, 4]","[1, 1, 0, 0, 0, 0, 0, 0, 0, 0, 0, 0, 0, 0, 0, 0, 0, 0, 0, 0]","[True, True, False, False, False, False, False, False, False, False, False, False, False, False, False, False, False, False, False, False]","['CP_031', 'CP_035']",SET_BOMB,FALSE,FALSE,10000,0
25,14,LIGHT_BOWGUN,LightBowgun_050,High Chain Blitz,"For this upgraded Chain Blitz,they used high-grade ore andreturned to square one forthe firing mechanism.",24,20000,8,220,0,0,NONE,0,NONE,0,"[3, 2, 1]",['Tetrad Shot: 3'],MST_001,"['SL_000', 'SL_001', 'SL_000', 'NONE', 'NONE', 'NONE', 'NONE', 'NONE', 'NONE', 'NONE', 'SL_000', 'NONE', 'NONE', 'SL_000', 'NONE', 'NONE', 'SL_000', 'NONE', 'NONE', 'SL_000']","[4, 4, 3, 0, 0, 0, 0, 0, 0, 0, 5, 0, 0, 2, 0, 0, 1, 0, 0, 4]","[1, 1, 0, 0, 0, 0, 0, 0, 0, 0, 0, 0, 0, 0, 0, 0, 0, 0, 0, 0]","[True, True, False, False, False, False, False, False, False, False, False, False, False, False, False, False, False, False, False, False]","['CP_031', 'CP_035']",SET_BOMB,FALSE,TRUE,10000,0
26,58,LIGHT_BOWGUN,LightBowgun_055,Titan Launcher I,A Gravios light bowgun designedto support a variety of potentammo for maximum offensivecapability.,64,10000,6,210,30,-15,NONE,0,NONE,0,"[2, 2, 0]",['Special Ammo Boost: 2'],MST_000,"['SL_002', 'SL_000', 'SL_000', 'SL_001', 'NONE', 'NONE', 'NONE', 'SL_001', 'NONE', 'NONE', 'NONE', 'NONE', 'SL_000', 'NONE', 'SL_001', 'NONE', 'SL_000', 'NONE', 'NONE', 'SL_000']","[2, 4, 1, 2, 0, 0, 0, 5, 0, 0, 0, 0, 4, 0, 2, 0, 2, 0, 0, 4]","[1, 0, 0, 0, 0, 0, 0, 0, 0, 0, 0, 0, 0, 0, 1, 0, 0, 0, 0, 0]","[True, False, False, False, False, False, False, False, False, False, False, False, False, False, True, False, False, False, False, False]","['CP_000', 'CP_006']",CHATCH,FALSE,FALSE,16,0
27,59,LIGHT_BOWGUN,LightBowgun_056,Titan Panzer,An upgraded Titan Launcher.A single shot delivers the samepower as a giant magazine.,65,20000,8,240,30,-15,NONE,0,NONE,0,"[3, 3, 1]",['Special Ammo Boost: 2'],MST_000,"['SL_002', 'SL_000', 'SL_000', 'SL_001', 'NONE', 'NONE', 'NONE', 'SL_001', 'NONE', 'NONE', 'NONE', 'NONE', 'SL_000', 'NONE', 'SL_001', 'NONE', 'SL_000', 'NONE', 'NONE', 'SL_000']","[2, 4, 1, 2, 0, 0, 0, 5, 0, 0, 0, 0, 4, 0, 2, 0, 2, 0, 0, 4]","[1, 0, 0, 0, 0, 0, 0, 0, 0, 0, 0, 0, 0, 0, 1, 0, 0, 0, 0, 0]","[True, False, False, False, False, False, False, False, False, False, False, False, False, False, True, False, False, False, False, False]","['CP_000', 'CP_006']",CHATCH,FALSE,TRUE,16,0
28,39,LIGHT_BOWGUN,LightBowgun_060,G. Rathling Gun I,"A Guardian Rathalos lightbowgun. Like a blazing fire,its wielder's spirit neverabates.",6,2600,4,160,0,15,NONE,0,NONE,0,"[1, 0, 0]","['Critical Element: 1', 'Ballistics: 1']",MST_002,"['SL_000', 'SL_000', 'SL_001', 'NONE', 'NONE', 'NONE', 'NONE', 'SL_000', 'NONE', 'NONE', 'NONE', 'NONE', 'SL_001', 'NONE', 'NONE', 'NONE', 'SL_000', 'SL_000', 'NONE', 'SL_000']","[4, 4, 2, 0, 0, 0, 0, 5, 0, 0, 0, 0, 3, 0, 0, 0, 2, 2, 0, 4]","[0, 0, 1, 0, 0, 0, 0, 1, 0, 0, 0, 0, 0, 0, 0, 0, 0, 0, 0, 0]","[False, False, True, False, False, False, False, True, False, False, False, False, False, False, False, False, False, False, False, False]","['CP_003', 'CP_008']",SET_BOMB,FALSE,FALSE,100000,0
29,40,LIGHT_BOWGUN,LightBowgun_061,G. Rathling Gun II,"A Guardian Rathalos lightbowgun. Like a blazing fire,its wielder's spirit neverabates.",7,10000,6,180,0,15,NONE,0,NONE,0,"[2, 1, 0]","['Critical Element: 2', 'Ballistics: 1']",MST_002,"['SL_000', 'SL_000', 'SL_001', 'NONE', 'NONE', 'NONE', 'NONE', 'SL_000', 'NONE', 'NONE', 'NONE', 'NONE', 'SL_001', 'NONE', 'NONE', 'NONE', 'SL_000', 'SL_000', 'NONE', 'SL_000']","[4, 4, 2, 0, 0, 0, 0, 5, 0, 0, 0, 0, 3, 0, 0, 0, 2, 2, 0, 4]","[0, 0, 1, 0, 0, 0, 0, 1, 0, 0, 0, 0, 0, 0, 0, 0, 0, 0, 0, 0]","[False, False, True, False, False, False, False, True, False, False, False, False, False, False, False, False, False, False, False, False]","['CP_003', 'CP_008']",SET_BOMB,FALSE,FALSE,100000,0
30,41,LIGHT_BOWGUN,LightBowgun_062,White Rathling Phoenix,An upgraded G. Rathling Gun.A regal soul rests within itsimmaculate flood of power.,8,20000,8,210,0,15,NONE,0,NONE,0,"[3, 2, 1]","['Critical Element: 2', 'Ballistics: 1']",MST_002,"['SL_000', 'SL_000', 'SL_001', 'NONE', 'NONE', 'NONE', 'NONE', 'SL_000', 'NONE', 'NONE', 'NONE', 'NONE', 'SL_001', 'NONE', 'NONE', 'NONE', 'SL_000', 'SL_000', 'NONE', 'SL_000']","[4, 4, 2, 0, 0, 0, 0, 5, 0, 0, 0, 0, 3, 0, 0, 0, 2, 2, 0, 4]","[0, 0, 1, 0, 0, 0, 0, 1, 0, 0, 0, 0, 0, 0, 0, 0, 0, 0, 0, 0]","[False, False, True, False, False, False, False, True, False, False, False, False, False, False, False, False, False, False, False, False]","['CP_003', 'CP_008']",SET_BOMB,FALSE,TRUE,100000,0
31,60,LIGHT_BOWGUN,LightBowgun_068,Rathling Gun I,A Rathalos light bowgun. Itsblasts of scorching fire areas relentless as the Lord ofthe Skies himself.,58,10000,6,180,0,10,NONE,0,NONE,0,"[2, 1, 0]",['Critical Boost: 3'],MST_001,"['SL_000', 'SL_000', 'SL_000', 'SL_000', 'NONE', 'NONE', 'NONE', 'SL_000', 'NONE', 'NONE', 'NONE', 'NONE', 'SL_001', 'NONE', 'NONE', 'NONE', 'NONE', 'NONE', 'NONE', 'SL_000']","[4, 5, 3, 2, 0, 0, 0, 5, 0, 0, 0, 0, 3, 0, 0, 0, 0, 0, 0, 4]","[0, 1, 0, 0, 0, 0, 0, 1, 0, 0, 0, 0, 1, 0, 0, 0, 0, 0, 0, 0]","[False, True, False, False, False, False, False, True, False, False, False, False, True, False, False, False, False, False, False, False]","['CP_033', 'CP_005']",CHATCH,FALSE,FALSE,7,0
32,61,LIGHT_BOWGUN,LightBowgun_069,Rathling Phoenix,An upgraded Rathling Gun.Foes tremble before it in vainuntil they are reduced to dust.,59,20000,8,200,0,10,NONE,0,NONE,0,"[3, 2, 1]",['Critical Boost: 3'],MST_001,"['SL_000', 'SL_000', 'SL_000', 'SL_000', 'NONE', 'NONE', 'NONE', 'SL_000', 'NONE', 'NONE', 'NONE', 'NONE', 'SL_001', 'NONE', 'NONE', 'NONE', 'NONE', 'NONE', 'NONE', 'SL_000']","[4, 5, 3, 2, 0, 0, 0, 5, 0, 0, 0, 0, 3, 0, 0, 0, 0, 0, 0, 4]","[0, 1, 0, 0, 0, 0, 0, 1, 0, 0, 0, 0, 1, 0, 0, 0, 0, 0, 0, 0]","[False, True, False, False, False, False, False, True, False, False, False, False, True, False, False, False, False, False, False, False]","['CP_033', 'CP_005']",CHATCH,FALSE,TRUE,7,0
33,15,LIGHT_BOWGUN,LightBowgun_073,Assault Conga I,"A guerilla-grade light bowgunthat uses Congalala spoils.Oh, the fur shock absorber?It's flame-retardant.",40,800,2,120,0,5,NONE,0,NONE,0,"[0, 0, 0]",['Special Ammo Boost: 1'],MST_001,"['SL_000', 'SL_000', 'SL_000', 'NONE', 'NONE', 'NONE', 'NONE', 'SL_000', 'NONE', 'NONE', 'NONE', 'NONE', 'NONE', 'SL_001', 'NONE', 'NONE', 'NONE', 'SL_000', 'NONE', 'SL_000']","[4, 5, 3, 0, 0, 0, 0, 6, 0, 0, 0, 0, 0, 3, 0, 0, 0, 2, 0, 4]","[0, 1, 0, 0, 0, 0, 0, 0, 0, 0, 0, 0, 0, 1, 0, 0, 0, 0, 0, 0]","[False, True, False, False, False, False, False, False, False, False, False, False, False, True, False, False, False, False, False, False]","['CP_033', 'CP_009']",CHATCH,FALSE,FALSE,2,0
34,16,LIGHT_BOWGUN,LightBowgun_074,Assault Conga II,"A guerilla-grade light bowgunthat uses Congalala spoils.Oh, the fur shock absorber?It's flame-retardant.",41,4000,5,170,0,5,NONE,0,NONE,0,"[2, 1, 1]","['Special Ammo Boost: 1', 'Opening Shot: 1']",MST_001,"['SL_000', 'SL_000', 'SL_000', 'NONE', 'NONE', 'NONE', 'NONE', 'SL_000', 'NONE', 'NONE', 'NONE', 'NONE', 'NONE', 'SL_001', 'NONE', 'NONE', 'NONE', 'SL_000', 'NONE', 'SL_000']","[4, 5, 3, 0, 0, 0, 0, 6, 0, 0, 0, 0, 0, 3, 0, 0, 0, 2, 0, 4]","[0, 1, 0, 0, 0, 0, 0, 0, 0, 0, 0, 0, 0, 1, 0, 0, 0, 0, 0, 0]","[False, True, False, False, False, False, False, False, False, False, False, False, False, True, False, False, False, False, False, False]","['CP_033', 'CP_009']",CHATCH,FALSE,FALSE,2,0
35,17,LIGHT_BOWGUN,LightBowgun_075,Combat Conga,"An upgraded Assault Conga,specially treated to stay in topcondition in harsh environments.",42,20000,8,220,0,5,NONE,0,NONE,0,"[3, 3, 1]","['Special Ammo Boost: 2', 'Opening Shot: 1']",MST_001,"['SL_000', 'SL_000', 'SL_000', 'NONE', 'NONE', 'NONE', 'NONE', 'SL_000', 'NONE', 'NONE', 'NONE', 'NONE', 'NONE', 'SL_001', 'NONE', 'NONE', 'NONE', 'SL_000', 'NONE', 'SL_000']","[4, 5, 3, 0, 0, 0, 0, 6, 0, 0, 0, 0, 0, 3, 0, 0, 0, 2, 0, 4]","[0, 1, 0, 0, 0, 0, 0, 0, 0, 0, 0, 0, 0, 1, 0, 0, 0, 0, 0, 0]","[False, True, False, False, False, False, False, False, False, False, False, False, False, True, False, False, False, False, False, False]","['CP_033', 'CP_009']",CHATCH,FALSE,TRUE,2,0
36,56,LIGHT_BOWGUN,LightBowgun_081,Tail String I,A light bowgun covered in whiteBlangonga fur. Its rounds ripthrough prey like a violentblizzard.,62,10000,6,200,0,-10,NONE,0,NONE,0,"[2, 1, 0]",['Opening Shot: 3'],MST_002,"['SL_000', 'SL_000', 'SL_001', 'NONE', 'NONE', 'NONE', 'NONE', 'NONE', 'NONE', 'NONE', 'SL_001', 'NONE', 'NONE', 'NONE', 'SL_000', 'NONE', 'NONE', 'NONE', 'NONE', 'SL_000']","[5, 5, 4, 0, 0, 0, 0, 0, 0, 0, 4, 0, 0, 0, 2, 0, 0, 0, 0, 4]","[0, 0, 1, 0, 0, 0, 0, 0, 0, 0, 1, 0, 0, 0, 0, 0, 0, 0, 0, 0]","[False, False, True, False, False, False, False, False, False, False, True, False, False, False, False, False, False, False, False, False]","['CP_001', 'CP_006']",SET_BOMB,FALSE,FALSE,17,0
37,57,LIGHT_BOWGUN,LightBowgun_082,Tail Catapult,"An upgraded Tail String thatuses superior materials,overwhelming prey withan avalanche of gunfire.",63,20000,8,230,0,-10,NONE,0,NONE,0,"[3, 2, 1]",['Opening Shot: 3'],MST_002,"['SL_000', 'SL_000', 'SL_001', 'NONE', 'NONE', 'NONE', 'NONE', 'NONE', 'NONE', 'NONE', 'SL_001', 'NONE', 'NONE', 'NONE', 'SL_000', 'NONE', 'NONE', 'NONE', 'NONE', 'SL_000']","[5, 5, 4, 0, 0, 0, 0, 0, 0, 0, 4, 0, 0, 0, 2, 0, 0, 0, 0, 4]","[0, 0, 1, 0, 0, 0, 0, 0, 0, 0, 1, 0, 0, 0, 0, 0, 0, 0, 0, 0]","[False, False, True, False, False, False, False, False, False, False, True, False, False, False, False, False, False, False, False, False]","['CP_001', 'CP_006']",SET_BOMB,FALSE,TRUE,17,0
38,51,LIGHT_BOWGUN,LightBowgun_086,Valkyrie Fire I,"A stunning light bowgun thatsavages targets with fire, likea Rathian alighting on her prey.",55,5000,5,160,0,15,NONE,0,NONE,0,"[2, 1, 0]","['Tetrad Shot: 2', 'Poison Duration Up: 1']",MST_001,"['SL_000', 'SL_001', 'SL_000', 'SL_000', 'NONE', 'NONE', 'NONE', 'SL_000', 'NONE', 'NONE', 'NONE', 'NONE', 'SL_001', 'NONE', 'NONE', 'NONE', 'NONE', 'NONE', 'NONE', 'SL_000']","[3, 3, 4, 1, 0, 0, 0, 5, 0, 0, 0, 0, 4, 0, 0, 0, 0, 0, 0, 4]","[0, 1, 0, 0, 0, 0, 0, 0, 0, 0, 0, 0, 1, 0, 0, 0, 0, 0, 0, 0]","[False, True, False, False, False, False, False, False, False, False, False, False, True, False, False, False, False, False, False, False]","['CP_033', 'CP_035']",SET_BOMB,FALSE,FALSE,6,0
39,52,LIGHT_BOWGUN,LightBowgun_087,Valkyrie Fire II,"A stunning light bowgun thatsavages targets with fire, likea Rathian alighting on her prey.",56,14000,7,190,0,15,NONE,0,NONE,0,"[3, 2, 0]","['Tetrad Shot: 3', 'Poison Duration Up: 1']",MST_001,"['SL_000', 'SL_001', 'SL_000', 'SL_000', 'NONE', 'NONE', 'NONE', 'SL_000', 'NONE', 'NONE', 'NONE', 'NONE', 'SL_001', 'NONE', 'NONE', 'NONE', 'NONE', 'NONE', 'NONE', 'SL_000']","[3, 3, 4, 1, 0, 0, 0, 5, 0, 0, 0, 0, 4, 0, 0, 0, 0, 0, 0, 4]","[0, 1, 0, 0, 0, 0, 0, 0, 0, 0, 0, 0, 1, 0, 0, 0, 0, 0, 0, 0]","[False, True, False, False, False, False, False, False, False, False, False, False, True, False, False, False, False, False, False, False]","['CP_033', 'CP_035']",SET_BOMB,FALSE,FALSE,6,0
40,53,LIGHT_BOWGUN,LightBowgun_088,Valkyrie Flame,An upgraded Valkyrie Fire.All who defy the queen aremowed down in a swath ofexquisite pain.,57,20000,8,210,0,15,NONE,0,NONE,0,"[3, 2, 1]","['Tetrad Shot: 3', 'Poison Duration Up: 1']",MST_001,"['SL_000', 'SL_001', 'SL_000', 'SL_000', 'NONE', 'NONE', 'NONE', 'SL_000', 'NONE', 'NONE', 'NONE', 'NONE', 'SL_001', 'NONE', 'NONE', 'NONE', 'NONE', 'NONE', 'NONE', 'SL_000']","[3, 3, 4, 1, 0, 0, 0, 5, 0, 0, 0, 0, 4, 0, 0, 0, 0, 0, 0, 4]","[0, 1, 0, 0, 0, 0, 0, 0, 0, 0, 0, 0, 1, 0, 0, 0, 0, 0, 0, 0]","[False, True, False, False, False, False, False, False, False, False, False, False, True, False, False, False, False, False, False, False]","['CP_033', 'CP_035']",SET_BOMB,FALSE,TRUE,6,0
41,6,LIGHT_BOWGUN,LightBowgun_091,Hunter's Rifle I,A light bowgun crafted froma medley of bones. Consistentperformance and zero bulk makeit great for novices.,29,500,1,110,0,0,NONE,0,NONE,0,"[0, 0, 0]",['Opening Shot: 1'],MST_002,"['SL_000', 'SL_000', 'SL_001', 'NONE', 'NONE', 'NONE', 'NONE', 'SL_000', 'NONE', 'NONE', 'NONE', 'NONE', 'NONE', 'NONE', 'NONE', 'NONE', 'NONE', 'NONE', 'SL_000', 'SL_000']","[5, 4, 4, 0, 0, 0, 0, 5, 0, 0, 0, 0, 0, 0, 0, 0, 0, 0, 3, 4]","[0, 1, 1, 0, 0, 0, 0, 0, 0, 0, 0, 0, 0, 0, 0, 0, 0, 0, 0, 0]","[False, True, True, False, False, False, False, False, False, False, False, False, False, False, False, False, False, False, False, False]","['CP_032', 'CP_005']",CHATCH,FALSE,FALSE,10001,0
42,7,LIGHT_BOWGUN,LightBowgun_092,Hunter's Rifle II,A light bowgun crafted froma medley of bones. Consistentperformance and zero bulk makeit great for novices.,30,800,2,130,0,0,NONE,0,NONE,0,"[0, 0, 0]","['Opening Shot: 1', 'Attack Boost: 1']",MST_002,"['SL_000', 'SL_000', 'SL_001', 'NONE', 'NONE', 'NONE', 'NONE', 'SL_000', 'NONE', 'NONE', 'NONE', 'NONE', 'NONE', 'NONE', 'NONE', 'NONE', 'NONE', 'NONE', 'SL_000', 'SL_000']","[5, 4, 4, 0, 0, 0, 0, 5, 0, 0, 0, 0, 0, 0, 0, 0, 0, 0, 3, 4]","[0, 1, 1, 0, 0, 0, 0, 0, 0, 0, 0, 0, 0, 0, 0, 0, 0, 0, 0, 0]","[False, True, True, False, False, False, False, False, False, False, False, False, False, False, False, False, False, False, False, False]","['CP_032', 'CP_005']",CHATCH,FALSE,FALSE,10001,0
43,8,LIGHT_BOWGUN,LightBowgun_093,Hunter's Rifle III,A light bowgun crafted froma medley of bones. Consistentperformance and zero bulk makeit great for novices.,31,2600,4,170,0,0,NONE,0,NONE,0,"[1, 0, 0]","['Opening Shot: 2', 'Attack Boost: 1']",MST_002,"['SL_000', 'SL_000', 'SL_001', 'NONE', 'NONE', 'NONE', 'NONE', 'SL_000', 'NONE', 'NONE', 'NONE', 'NONE', 'NONE', 'NONE', 'NONE', 'NONE', 'NONE', 'NONE', 'SL_000', 'SL_000']","[5, 4, 4, 0, 0, 0, 0, 5, 0, 0, 0, 0, 0, 0, 0, 0, 0, 0, 3, 4]","[0, 1, 1, 0, 0, 0, 0, 0, 0, 0, 0, 0, 0, 0, 0, 0, 0, 0, 0, 0]","[False, True, True, False, False, False, False, False, False, False, False, False, False, False, False, False, False, False, False, False]","['CP_032', 'CP_005']",CHATCH,FALSE,FALSE,10001,0
44,9,LIGHT_BOWGUN,LightBowgun_094,Hunter's Rifle IV,A light bowgun crafted froma medley of bones. Consistentperformance and zero bulk makeit great for novices.,32,10000,6,200,0,0,NONE,0,NONE,0,"[2, 1, 0]","['Opening Shot: 3', 'Attack Boost: 1']",MST_002,"['SL_000', 'SL_000', 'SL_001', 'NONE', 'NONE', 'NONE', 'NONE', 'SL_000', 'NONE', 'NONE', 'NONE', 'NONE', 'NONE', 'NONE', 'NONE', 'NONE', 'NONE', 'NONE', 'SL_000', 'SL_000']","[5, 4, 4, 0, 0, 0, 0, 5, 0, 0, 0, 0, 0, 0, 0, 0, 0, 0, 3, 4]","[0, 1, 1, 0, 0, 0, 0, 0, 0, 0, 0, 0, 0, 0, 0, 0, 0, 0, 0, 0]","[False, True, True, False, False, False, False, False, False, False, False, False, False, False, False, False, False, False, False, False]","['CP_032', 'CP_005']",CHATCH,FALSE,FALSE,10001,0
45,10,LIGHT_BOWGUN,LightBowgun_095,Power Rifle,"Only quality bones are used inthis upgraded Hunter's Rifle,lending it superior responseand handling.",33,20000,8,230,0,0,NONE,0,NONE,0,"[3, 2, 1]","['Opening Shot: 3', 'Attack Boost: 1']",MST_002,"['SL_000', 'SL_000', 'SL_001', 'NONE', 'NONE', 'NONE', 'NONE', 'SL_000', 'NONE', 'NONE', 'NONE', 'NONE', 'NONE', 'NONE', 'NONE', 'NONE', 'NONE', 'NONE', 'SL_000', 'SL_000']","[5, 4, 4, 0, 0, 0, 0, 5, 0, 0, 0, 0, 0, 0, 0, 0, 0, 0, 3, 4]","[0, 1, 1, 0, 0, 0, 0, 0, 0, 0, 0, 0, 0, 0, 0, 0, 0, 0, 0, 0]","[False, True, True, False, False, False, False, False, False, False, False, False, False, False, False, False, False, False, False, False]","['CP_032', 'CP_005']",CHATCH,FALSE,TRUE,10001,0
46,54,LIGHT_BOWGUN,LightBowgun_099,Felling Fulgur I,A Guardian Fulgur Anjanath lightbowgun. Only one able to tameits brutality through reason canwield it.,53,10000,6,180,0,15,NONE,0,NONE,0,"[2, 1, 0]",['Critical Element: 3'],MST_000,"['SL_001', 'SL_000', 'SL_000', 'NONE', 'NONE', 'NONE', 'NONE', 'NONE', 'NONE', 'SL_000', 'NONE', 'NONE', 'NONE', 'SL_000', 'NONE', 'NONE', 'NONE', 'NONE', 'NONE', 'SL_000']","[3, 4, 3, 0, 0, 0, 0, 0, 0, 5, 0, 0, 0, 2, 0, 0, 0, 0, 0, 4]","[1, 0, 0, 0, 0, 0, 0, 0, 0, 1, 0, 0, 0, 1, 0, 0, 0, 0, 0, 0]","[True, False, False, False, False, False, False, False, False, True, False, False, False, True, False, False, False, False, False, False]","['CP_003', 'CP_005']",CHATCH,FALSE,FALSE,100003,0
47,55,LIGHT_BOWGUN,LightBowgun_100,Fulgursnipe Guardiana,An upgraded Felling Fulgur.Its savage urges thwart reasonand will destroy an overeagerwielder.,54,20000,8,210,0,15,NONE,0,NONE,0,"[3, 2, 1]",['Critical Element: 3'],MST_000,"['SL_001', 'SL_000', 'SL_000', 'NONE', 'NONE', 'NONE', 'NONE', 'NONE', 'NONE', 'SL_000', 'NONE', 'NONE', 'NONE', 'SL_000', 'NONE', 'NONE', 'NONE', 'NONE', 'NONE', 'SL_000']","[3, 4, 3, 0, 0, 0, 0, 0, 0, 5, 0, 0, 0, 2, 0, 0, 0, 0, 0, 4]","[1, 0, 0, 0, 0, 0, 0, 0, 0, 1, 0, 0, 0, 1, 0, 0, 0, 0, 0, 0]","[True, False, False, False, False, False, False, False, False, True, False, False, False, True, False, False, False, False, False, False]","['CP_003', 'CP_005']",CHATCH,FALSE,TRUE,100003,0
48,42,LIGHT_BOWGUN,LightBowgun_104,Chthonian Gunfire I,"A Guardian Ebony Odogaron lightbowgun. Beholden to beastlycravings, its thirst for bloodnever wanes.",47,2600,4,140,0,10,NONE,0,NONE,0,"[1, 0, 0]",['Tetrad Shot: 2'],MST_001,"['SL_000', 'SL_001', 'SL_000', 'NONE', 'NONE', 'NONE', 'NONE', 'NONE', 'NONE', 'SL_000', 'NONE', 'SL_000', 'NONE', 'NONE', 'NONE', 'SL_000', 'NONE', 'NONE', 'NONE', 'SL_000']","[5, 5, 3, 0, 0, 0, 0, 0, 0, 6, 0, 2, 0, 0, 0, 1, 0, 0, 0, 4]","[0, 1, 0, 0, 0, 0, 0, 0, 0, 0, 0, 1, 0, 0, 0, 0, 0, 0, 0, 0]","[False, True, False, False, False, False, False, False, False, False, False, True, False, False, False, False, False, False, False, False]","['CP_001', 'CP_005']",CHATCH,FALSE,FALSE,100001,0
49,43,LIGHT_BOWGUN,LightBowgun_105,Chthonian Gunfire II,"A Guardian Ebony Odogaron lightbowgun. Beholden to beastlycravings, its thirst for bloodnever wanes.",48,10000,6,170,0,10,NONE,0,NONE,0,"[2, 1, 0]",['Tetrad Shot: 3'],MST_001,"['SL_000', 'SL_001', 'SL_000', 'NONE', 'NONE', 'NONE', 'NONE', 'NONE', 'NONE', 'SL_000', 'NONE', 'SL_000', 'NONE', 'NONE', 'NONE', 'SL_000', 'NONE', 'NONE', 'NONE', 'SL_000']","[5, 5, 3, 0, 0, 0, 0, 0, 0, 6, 0, 2, 0, 0, 0, 1, 0, 0, 0, 4]","[0, 1, 0, 0, 0, 0, 0, 0, 0, 0, 0, 1, 0, 0, 0, 0, 0, 0, 0, 0]","[False, True, False, False, False, False, False, False, False, False, False, True, False, False, False, False, False, False, False, False]","['CP_001', 'CP_005']",CHATCH,FALSE,FALSE,100001,0
50,44,LIGHT_BOWGUN,LightBowgun_106,Bequeathed Animus,"An upgraded Chthonian Gunfire.Despite chewing free of its cycleof hunger, the beast remainsunsated.",49,20000,8,210,0,10,NONE,0,NONE,0,"[3, 2, 1]",['Tetrad Shot: 3'],MST_001,"['SL_000', 'SL_001', 'SL_000', 'NONE', 'NONE', 'NONE', 'NONE', 'NONE', 'NONE', 'SL_000', 'NONE', 'SL_000', 'NONE', 'NONE', 'NONE', 'SL_000', 'NONE', 'NONE', 'NONE', 'SL_000']","[5, 5, 3, 0, 0, 0, 0, 0, 0, 6, 0, 2, 0, 0, 0, 1, 0, 0, 0, 4]","[0, 1, 0, 0, 0, 0, 0, 0, 0, 0, 0, 1, 0, 0, 0, 0, 0, 0, 0, 0]","[False, True, False, False, False, False, False, False, False, False, False, True, False, False, False, False, False, False, False, False]","['CP_001', 'CP_005']",CHATCH,FALSE,TRUE,100001,0
51,30,LIGHT_BOWGUN,LightBowgun_112,Ajara Shellgun I,An Ajarakan light bowgun.Each projectile must endurethe barrel's searing heatbefore escaping.,34,1500,3,130,0,10,NONE,0,NONE,0,"[0, 0, 0]",['Artillery: 2'],MST_002,"['SL_000', 'SL_000', 'SL_001', 'SL_000', 'NONE', 'NONE', 'NONE', 'SL_000', 'NONE', 'SL_000', 'NONE', 'NONE', 'NONE', 'NONE', 'NONE', 'NONE', 'NONE', 'NONE', 'NONE', 'SL_000']","[5, 4, 3, 2, 0, 0, 0, 4, 0, 4, 0, 0, 0, 0, 0, 0, 0, 0, 0, 4]","[0, 0, 1, 1, 0, 0, 0, 0, 0, 0, 0, 0, 0, 0, 0, 0, 0, 0, 0, 0]","[False, False, True, True, False, False, False, False, False, False, False, False, False, False, False, False, False, False, False, False]","['CP_034', 'CP_008']",CHATCH,FALSE,FALSE,11,0
52,31,LIGHT_BOWGUN,LightBowgun_113,Ajara Shellgun II,An Ajarakan light bowgun.Each projectile must endurethe barrel's searing heatbefore escaping.,35,10000,6,180,0,10,NONE,0,NONE,0,"[2, 1, 0]",['Artillery: 3'],MST_002,"['SL_000', 'SL_000', 'SL_001', 'SL_000', 'NONE', 'NONE', 'NONE', 'SL_000', 'NONE', 'SL_000', 'NONE', 'NONE', 'NONE', 'NONE', 'NONE', 'NONE', 'NONE', 'NONE', 'NONE', 'SL_000']","[5, 4, 3, 2, 0, 0, 0, 4, 0, 4, 0, 0, 0, 0, 0, 0, 0, 0, 0, 4]","[0, 0, 1, 1, 0, 0, 0, 0, 0, 0, 0, 0, 0, 0, 0, 0, 0, 0, 0, 0]","[False, False, True, True, False, False, False, False, False, False, False, False, False, False, False, False, False, False, False, False]","['CP_034', 'CP_008']",CHATCH,FALSE,FALSE,11,0
53,32,LIGHT_BOWGUN,LightBowgun_114,Ajara-Angaja,"An upgraded Ajara Shellgun.In the hands of a lesser smith,the materials would overheatand explode.",36,20000,8,210,0,10,NONE,0,NONE,0,"[3, 2, 1]",['Artillery: 3'],MST_002,"['SL_000', 'SL_000', 'SL_001', 'SL_000', 'NONE', 'NONE', 'NONE', 'SL_000', 'NONE', 'SL_000', 'NONE', 'NONE', 'NONE', 'NONE', 'NONE', 'NONE', 'NONE', 'NONE', 'NONE', 'SL_000']","[5, 4, 3, 2, 0, 0, 0, 4, 0, 4, 0, 0, 0, 0, 0, 0, 0, 0, 0, 4]","[0, 0, 1, 1, 0, 0, 0, 0, 0, 0, 0, 0, 0, 0, 0, 0, 0, 0, 0, 0]","[False, False, True, True, False, False, False, False, False, False, False, False, False, False, False, False, False, False, False, False]","['CP_034', 'CP_008']",CHATCH,FALSE,TRUE,11,0
54,33,LIGHT_BOWGUN,LightBowgun_120,Nu Chobotnice I,"A Nu Udra light bowgun.From the darkness it takesaim, its prey left unaware ofthe threat it faces.",37,2600,4,170,0,-15,NONE,0,NONE,0,"[1, 0, 0]",['Opening Shot: 2'],MST_002,"['SL_000', 'SL_000', 'SL_002', 'NONE', 'NONE', 'NONE', 'NONE', 'SL_000', 'NONE', 'NONE', 'NONE', 'NONE', 'NONE', 'NONE', 'NONE', 'NONE', 'NONE', 'NONE', 'SL_000', 'SL_000']","[6, 4, 2, 0, 0, 0, 0, 6, 0, 0, 0, 0, 0, 0, 0, 0, 0, 0, 4, 4]","[0, 0, 1, 0, 0, 0, 0, 1, 0, 0, 0, 0, 0, 0, 0, 0, 0, 0, 0, 0]","[False, False, True, False, False, False, False, True, False, False, False, False, False, False, False, False, False, False, False, False]","['CP_032', 'CP_036']",SET_BOMB,FALSE,FALSE,10,0
55,34,LIGHT_BOWGUN,LightBowgun_121,Nu Chobotnice II,"A Nu Udra light bowgun.From the darkness it takesaim, its prey left unaware ofthe threat it faces.",38,14000,7,210,0,-15,NONE,0,NONE,0,"[3, 2, 0]",['Opening Shot: 3'],MST_002,"['SL_000', 'SL_000', 'SL_002', 'NONE', 'NONE', 'NONE', 'NONE', 'SL_000', 'NONE', 'NONE', 'NONE', 'NONE', 'NONE', 'NONE', 'NONE', 'NONE', 'NONE', 'NONE', 'SL_000', 'SL_000']","[6, 4, 2, 0, 0, 0, 0, 6, 0, 0, 0, 0, 0, 0, 0, 0, 0, 0, 4, 4]","[0, 0, 1, 0, 0, 0, 0, 1, 0, 0, 0, 0, 0, 0, 0, 0, 0, 0, 0, 0]","[False, False, True, False, False, False, False, True, False, False, False, False, False, False, False, False, False, False, False, False]","['CP_032', 'CP_036']",SET_BOMB,FALSE,FALSE,10,0
56,35,LIGHT_BOWGUN,LightBowgun_122,Abaddonian Chobotnice,An upgraded Nu Chobotnice.Each shot from the abyssscreams forth like anightmarish messenger.,39,20000,8,230,0,-15,NONE,0,NONE,0,"[3, 2, 1]",['Opening Shot: 3'],MST_002,"['SL_000', 'SL_000', 'SL_002', 'NONE', 'NONE', 'NONE', 'NONE', 'SL_000', 'NONE', 'NONE', 'NONE', 'NONE', 'NONE', 'NONE', 'NONE', 'NONE', 'NONE', 'NONE', 'SL_000', 'SL_000']","[6, 4, 2, 0, 0, 0, 0, 6, 0, 0, 0, 0, 0, 0, 0, 0, 0, 0, 4, 4]","[0, 0, 1, 0, 0, 0, 0, 1, 0, 0, 0, 0, 0, 0, 0, 0, 0, 0, 0, 0]","[False, False, True, False, False, False, False, True, False, False, False, False, False, False, False, False, False, False, False, False]","['CP_032', 'CP_036']",SET_BOMB,FALSE,TRUE,10,0
57,26,LIGHT_BOWGUN,LightBowgun_128,Windshear Light I,A Hirabami light bowgun thatproduces wind in the barrel tofire rounds at lightning speed.,43,1500,3,140,0,0,NONE,0,NONE,0,"[0, 0, 0]","['Tetrad Shot: 2', 'Airborne: 1']",MST_001,"['SL_000', 'SL_001', 'SL_000', 'NONE', 'NONE', 'NONE', 'NONE', 'NONE', 'SL_000', 'NONE', 'SL_000', 'NONE', 'NONE', 'NONE', 'NONE', 'NONE', 'NONE', 'NONE', 'SL_000', 'SL_000']","[4, 2, 3, 0, 0, 0, 0, 0, 5, 0, 5, 0, 0, 0, 0, 0, 0, 0, 2, 4]","[0, 1, 0, 0, 0, 0, 0, 0, 0, 0, 1, 0, 0, 0, 0, 0, 0, 0, 0, 0]","[False, True, False, False, False, False, False, False, False, False, True, False, False, False, False, False, False, False, False, False]","['CP_003', 'CP_005']",SET_BOMB,FALSE,FALSE,9,0
58,27,LIGHT_BOWGUN,LightBowgun_129,Windshear Light II,A Hirabami light bowgun thatproduces wind in the barrel tofire rounds at lightning speed.,44,5000,5,170,0,0,NONE,0,NONE,0,"[2, 1, 0]","['Tetrad Shot: 2', 'Airborne: 1']",MST_001,"['SL_000', 'SL_001', 'SL_000', 'NONE', 'NONE', 'NONE', 'NONE', 'NONE', 'SL_000', 'NONE', 'SL_000', 'NONE', 'NONE', 'NONE', 'NONE', 'NONE', 'NONE', 'NONE', 'SL_000', 'SL_000']","[4, 2, 3, 0, 0, 0, 0, 0, 5, 0, 5, 0, 0, 0, 0, 0, 0, 0, 3, 4]","[0, 1, 0, 0, 0, 0, 0, 0, 0, 0, 1, 0, 0, 0, 0, 0, 0, 0, 0, 0]","[False, True, False, False, False, False, False, False, False, False, True, False, False, False, False, False, False, False, False, False]","['CP_003', 'CP_005']",SET_BOMB,FALSE,FALSE,9,0
59,28,LIGHT_BOWGUN,LightBowgun_130,Windshear Light III,A Hirabami light bowgun thatproduces wind in the barrel tofire rounds at lightning speed.,45,14000,7,200,0,0,NONE,0,NONE,0,"[3, 2, 0]","['Tetrad Shot: 3', 'Airborne: 1']",MST_001,"['SL_000', 'SL_001', 'SL_000', 'NONE', 'NONE', 'NONE', 'NONE', 'NONE', 'SL_000', 'NONE', 'SL_000', 'NONE', 'NONE', 'NONE', 'NONE', 'NONE', 'NONE', 'NONE', 'SL_000', 'SL_000']","[4, 2, 3, 0, 0, 0, 0, 0, 5, 0, 5, 0, 0, 0, 0, 0, 0, 0, 3, 4]","[0, 1, 0, 0, 0, 0, 0, 0, 0, 0, 1, 0, 0, 0, 0, 0, 0, 0, 0, 0]","[False, True, False, False, False, False, False, False, False, False, True, False, False, False, False, False, False, False, False, False]","['CP_003', 'CP_005']",SET_BOMB,FALSE,FALSE,9,0
60,29,LIGHT_BOWGUN,LightBowgun_131,Windshear Uchibami,An upgraded Windshear Lightthat can find its mark even in themidst of the harshest windstorm.,46,20000,8,220,0,0,NONE,0,NONE,0,"[3, 2, 1]","['Tetrad Shot: 3', 'Airborne: 1']",MST_001,"['SL_000', 'SL_001', 'SL_000', 'NONE', 'NONE', 'NONE', 'NONE', 'NONE', 'SL_000', 'NONE', 'SL_000', 'NONE', 'NONE', 'NONE', 'NONE', 'NONE', 'NONE', 'NONE', 'SL_000', 'SL_000']","[4, 2, 3, 0, 0, 0, 0, 0, 5, 0, 5, 0, 0, 0, 0, 0, 0, 0, 3, 4]","[0, 1, 0, 0, 0, 0, 0, 0, 0, 0, 1, 0, 0, 0, 0, 0, 0, 0, 0, 0]","[False, True, False, False, False, False, False, False, False, False, True, False, False, False, False, False, False, False, False, False]","['CP_003', 'CP_005']",SET_BOMB,FALSE,TRUE,9,0
61,45,LIGHT_BOWGUN,LightBowgun_136,G. Veldian Impetum I,"A light bowgun made fromGuardian spoils. It galvanizesthe body with unknown power,assuring accuracy.",13,2600,4,160,0,-10,NONE,0,NONE,0,"[1, 1, 0]",['Opening Shot: 2'],MST_002,"['SL_000', 'SL_000', 'SL_001', 'SL_000', 'NONE', 'NONE', 'NONE', 'NONE', 'SL_001', 'NONE', 'SL_001', 'SL_000', 'NONE', 'NONE', 'NONE', 'NONE', 'NONE', 'NONE', 'NONE', 'SL_000']","[3, 4, 4, 2, 0, 0, 0, 0, 3, 0, 5, 1, 0, 0, 0, 0, 0, 0, 0, 4]","[0, 0, 1, 0, 0, 0, 0, 0, 1, 0, 0, 0, 0, 0, 0, 0, 0, 0, 0, 0]","[False, False, True, False, False, False, False, False, True, False, False, False, False, False, False, False, False, False, False, False]","['CP_032', 'CP_008']",SET_BOMB,FALSE,FALSE,19,0
62,46,LIGHT_BOWGUN,LightBowgun_137,G. Veldian Impetum II,"A light bowgun made fromGuardian spoils. It galvanizesthe body with unknown power,assuring accuracy.",14,10000,6,200,0,-10,NONE,0,NONE,0,"[2, 2, 0]",['Opening Shot: 2'],MST_002,"['SL_000', 'SL_000', 'SL_001', 'SL_000', 'NONE', 'NONE', 'NONE', 'NONE', 'SL_001', 'NONE', 'SL_001', 'SL_000', 'NONE', 'NONE', 'NONE', 'NONE', 'NONE', 'NONE', 'NONE', 'SL_000']","[3, 4, 4, 2, 0, 0, 0, 0, 3, 0, 5, 1, 0, 0, 0, 0, 0, 0, 0, 4]","[0, 0, 1, 0, 0, 0, 0, 0, 1, 0, 0, 0, 0, 0, 0, 0, 0, 0, 0, 0]","[False, False, True, False, False, False, False, False, True, False, False, False, False, False, False, False, False, False, False, False]","['CP_032', 'CP_008']",SET_BOMB,FALSE,FALSE,19,0
63,47,LIGHT_BOWGUN,LightBowgun_138,G. Expiating Caius,An upgraded G. Veldian Impetum.It echoes finality across the skyin an angelic song of salvation.,15,20000,8,230,0,-10,NONE,0,NONE,0,"[3, 3, 1]",['Opening Shot: 2'],MST_002,"['SL_000', 'SL_000', 'SL_001', 'SL_000', 'NONE', 'NONE', 'NONE', 'NONE', 'SL_001', 'NONE', 'SL_001', 'SL_000', 'NONE', 'NONE', 'NONE', 'NONE', 'NONE', 'NONE', 'NONE', 'SL_000']","[3, 4, 4, 2, 0, 0, 0, 0, 3, 0, 5, 1, 0, 0, 0, 0, 0, 0, 0, 4]","[0, 0, 1, 0, 0, 0, 0, 0, 1, 0, 0, 0, 0, 0, 0, 0, 0, 0, 0, 0]","[False, False, True, False, False, False, False, False, True, False, False, False, False, False, False, False, False, False, False, False]","['CP_032', 'CP_008']",SET_BOMB,FALSE,TRUE,19,0
64,64,LIGHT_BOWGUN,LightBowgun_144,Veldian Impetum I,"An Arkveld light bowgun.In ancient days, a knight usedsuch a weapon to gain renownas a wyvern hunter.",16,14000,7,180,0,0,NONE,0,NONE,0,"[3, 2, 0]",['Opening Shot: 3'],MST_001,"['SL_000', 'SL_002', 'SL_001', 'NONE', 'NONE', 'NONE', 'NONE', 'SL_001', 'NONE', 'SL_001', 'NONE', 'SL_000', 'NONE', 'NONE', 'SL_000', 'SL_000', 'SL_000', 'NONE', 'NONE', 'SL_000']","[5, 3, 4, 0, 0, 0, 0, 5, 0, 5, 0, 3, 0, 0, 3, 2, 2, 0, 0, 4]","[0, 1, 1, 0, 0, 0, 0, 0, 0, 0, 0, 1, 0, 0, 0, 0, 0, 0, 0, 0]","[False, True, True, False, False, False, False, False, False, False, False, True, False, False, False, False, False, False, False, False]","['CP_001', 'CP_008']",CHATCH,FALSE,FALSE,22,0
65,66,LIGHT_BOWGUN,LightBowgun_157,Artian Blaster I,A weapon assembled fromunearthed fragments. It has amechanism that adjusts bulletforce for each target.,100,40,6,170,0,5,NONE,0,NONE,0,"[2, 2, 2]",[],MST_000,"['SL_001', 'SL_001', 'SL_001', 'NONE', 'NONE', 'NONE', 'NONE', 'NONE', 'NONE', 'NONE', 'NONE', 'NONE', 'NONE', 'NONE', 'NONE', 'NONE', 'NONE', 'NONE', 'NONE', 'SL_000']","[2, 2, 2, 1, 0, 0, 0, 1, 1, 1, 1, 1, 1, 1, 1, 0, 0, 0, 0, 4]","[1, 0, 0, 0, 0, 0, 0, 1, 1, 1, 1, 1, 1, 1, 1, 0, 0, 0, 0, 0]","[True, False, False, False, False, False, False, True, True, True, True, True, True, True, True, False, False, False, False, False]","['CP_003', 'CP_005']",CHATCH,FALSE,FALSE,100004,0
66,67,LIGHT_BOWGUN,LightBowgun_158,Artian Blaster II,A weapon assembled fromunearthed fragments. It has amechanism that adjusts bulletforce for each target.,101,100,7,180,0,5,NONE,0,NONE,0,"[2, 2, 2]",[],MST_000,"['SL_001', 'SL_001', 'SL_001', 'NONE', 'NONE', 'NONE', 'NONE', 'NONE', 'NONE', 'NONE', 'NONE', 'NONE', 'NONE', 'NONE', 'NONE', 'NONE', 'NONE', 'NONE', 'NONE', 'SL_000']","[2, 2, 2, 1, 0, 0, 0, 1, 1, 1, 1, 1, 1, 1, 1, 0, 0, 0, 0, 4]","[1, 0, 0, 0, 0, 0, 0, 1, 1, 1, 1, 1, 1, 1, 1, 0, 0, 0, 0, 0]","[True, False, False, False, False, False, False, True, True, True, True, True, True, True, True, False, False, False, False, False]","['CP_003', 'CP_005']",CHATCH,FALSE,FALSE,100004,0
67,68,LIGHT_BOWGUN,LightBowgun_159,Animilater,An ancient weapon with latentpotential. Not even the souls ofprey are safe from its bullets.,102,200,8,190,0,5,NONE,0,NONE,0,"[3, 3, 3]",[],MST_000,"['SL_001', 'SL_001', 'SL_001', 'NONE', 'NONE', 'NONE', 'NONE', 'NONE', 'NONE', 'NONE', 'NONE', 'NONE', 'NONE', 'NONE', 'NONE', 'NONE', 'NONE', 'NONE', 'NONE', 'SL_000']","[2, 2, 2, 1, 0, 0, 0, 1, 1, 1, 1, 1, 1, 1, 1, 0, 0, 0, 0, 4]","[1, 0, 0, 0, 0, 0, 0, 1, 1, 1, 1, 1, 1, 1, 1, 0, 0, 0, 0, 0]","[True, False, False, False, False, False, False, True, True, True, True, True, True, True, True, False, False, False, False, False]","['CP_003', 'CP_005']",CHATCH,FALSE,TRUE,100004,0
68,5,LIGHT_BOWGUN,LightBowgun_169,Esperanza Rifle,"A fully field-tested Hope Rifle.Like rain in times of drought, itrestores hope to the battlefield.",5,20000,8,210,0,0,NONE,0,NONE,0,"[3, 2, 1]","['Ballistics: 3', 'Critical Eye: 1']",MST_000,"['SL_001', 'SL_000', 'SL_000', 'NONE', 'NONE', 'NONE', 'NONE', 'NONE', 'NONE', 'SL_000', 'NONE', 'NONE', 'SL_000', 'NONE', 'NONE', 'SL_000', 'NONE', 'SL_000', 'NONE', 'SL_000']","[4, 4, 3, 0, 0, 0, 0, 0, 0, 5, 0, 0, 3, 0, 0, 1, 0, 1, 0, 4]","[1, 0, 1, 0, 0, 0, 0, 0, 0, 0, 0, 0, 0, 0, 0, 0, 0, 0, 0, 0]","[True, False, True, False, False, False, False, False, False, False, False, False, False, False, False, False, False, False, False, False]","['CP_000', 'CP_004']",SET_BOMB,FALSE,TRUE,1,0
69,21,LIGHT_BOWGUN,LightBowgun_170,Faithbreaker Leibolkule,An upgraded Dosha Faithbreaker.Its gunfire rips through quarry asmercilessly as a stampede.,12,20000,8,240,20,-5,NONE,0,NONE,0,"[3, 2, 1]",['Opening Shot: 3'],MST_000,"['SL_002', 'SL_000', 'SL_000', 'SL_000', 'NONE', 'NONE', 'NONE', 'NONE', 'SL_000', 'NONE', 'NONE', 'NONE', 'NONE', 'NONE', 'NONE', 'NONE', 'NONE', 'NONE', 'NONE', 'SL_000']","[2, 4, 5, 1, 0, 0, 0, 0, 6, 0, 0, 0, 0, 0, 0, 0, 0, 0, 0, 4]","[1, 1, 0, 0, 0, 0, 0, 0, 0, 0, 0, 0, 0, 0, 0, 0, 0, 0, 0, 0]","[True, True, False, False, False, False, False, False, False, False, False, False, False, False, False, False, False, False, False, False]","['CP_000', 'CP_006']",SET_BOMB,FALSE,TRUE,4,0
70,65,LIGHT_BOWGUN,LightBowgun_171,Expiating Caius,An upgraded Veldian Impetum.Even giant wyverns fall when facedwith its storms of precise bullets.,17,20000,8,200,0,0,NONE,0,NONE,0,"[3, 2, 1]",['Opening Shot: 3'],MST_001,"['SL_000', 'SL_002', 'SL_001', 'NONE', 'NONE', 'NONE', 'NONE', 'SL_001', 'NONE', 'SL_001', 'NONE', 'SL_000', 'NONE', 'NONE', 'SL_000', 'SL_000', 'SL_000', 'NONE', 'NONE', 'SL_000']","[5, 3, 4, 0, 0, 0, 0, 5, 0, 5, 0, 3, 0, 0, 3, 2, 2, 0, 0, 4]","[0, 1, 1, 0, 0, 0, 0, 0, 0, 0, 0, 1, 0, 0, 0, 0, 0, 0, 0, 0]","[False, True, True, False, False, False, False, False, False, False, False, True, False, False, False, False, False, False, False, False]","['CP_001', 'CP_008']",CHATCH,FALSE,TRUE,22,0
